type,sharpening,windowSize,neighbourhood,buckets,histnormalise,k-nearest,cv-auc,test-auc,test-precision,test-recall
scatter,none,1,grid,30,none,2,0.9842105263157894,0.3872180451127819,0.125,0.14285714285714285
scatter,none,1,grid,30,none,3,0.9842105263157894,0.3872180451127819,0.125,0.14285714285714285
scatter,none,1,grid,30,none,4,1.0,0.3872180451127819,0.125,0.14285714285714285
scatter,none,1,grid,30,none,5,1.0,0.3872180451127819,0.125,0.14285714285714285
scatter,none,1,grid,30,none,10,1.0,0.3872180451127819,0.125,0.14285714285714285
scatter,none,1,grid,30,none,15,1.0,0.3609022556390977,0.1111111111111111,0.14285714285714285
scatter,none,1,grid,30,none,20,1.0,0.3609022556390977,0.1111111111111111,0.14285714285714285
