type,sharpening,windowSize,neighbourhood,buckets,histnormalise,k-nearest,cv-auc,test-auc,test-precision,test-recall
scatter,none,1,grid,30,none,2,0.9842105263157894,0.9736842105263158,0.875,1.0
scatter,none,1,grid,30,none,3,0.9842105263157894,0.9736842105263158,0.875,1.0
scatter,none,1,grid,30,none,4,1.0,0.9736842105263158,0.875,1.0
scatter,none,1,grid,30,none,5,1.0,0.9736842105263158,0.875,1.0
scatter,none,1,grid,30,none,10,1.0,0.9736842105263158,0.875,1.0
scatter,none,1,grid,30,none,15,1.0,0.9473684210526316,0.7777777777777778,1.0
scatter,none,1,grid,30,none,20,1.0,0.9473684210526316,0.7777777777777778,1.0
