Model, AUC, precision, recall
randomforest,0.8947368421052632,1.0,0.7894736842105263
knearest,0.9736842105263157,1.0,0.9473684210526315