type,sharpening,windowSize,neighbourhood,buckets,histnormalise,k-nearest,cv-auc,test-auc
spatstat,none,1,5,5,True,5,0.7345451418206836,0.7705745341614907
spatstat,none,1,5,10,True,5,0.7425571504518873,0.8030538302277432
spatstat,none,1,5,20,True,5,0.8019295118366326,0.8258281573498965
spatstat,none,1,5,40,True,5,0.7861040748037652,0.8664596273291926
spatstat,none,1,5,80,True,5,0.8108062044594553,0.8307453416149069
