type,sharpening,windowSize,neighbourhood,buckets,histnormalise,k-nearest,cv-auc,test-auc
spatstat,none,1,5,5,True,5,0.8375641025641025,0.8466927337895079
spatstat,none,1,5,10,True,5,0.9012179487179488,0.9838709677419355
spatstat,none,1,5,20,True,5,0.9540384615384614,0.9848484848484849
spatstat,none,1,5,40,True,5,0.9397435897435897,1.0
spatstat,none,1,5,80,True,5,0.9297435897435896,0.9636689475399153
