type,sharpening,windowSize,neighbourhood,buckets,histnormalise,k-nearest,cv-auc,test-auc
spatstat,none,1,5,5,True,5,0.8490927568366592,0.8519972686923866
spatstat,none,1,5,10,True,5,0.9404859571322985,0.9433253670194606
spatstat,none,1,5,20,True,5,0.932030672579453,0.9728576305906453
spatstat,none,1,5,40,True,5,0.9560458240946046,0.9728576305906453
spatstat,none,1,5,80,True,5,0.9178640059127865,0.9580061454421305
