type,sharpening,windowSize,neighbourhood,buckets,histnormalise,k-nearest,cv-auc,test-auc
spatstat,none,1,5,5,True,5,0.8458961566888397,0.8397063844315465
spatstat,none,1,5,10,True,5,0.9387435328898743,0.9605667463298053
spatstat,none,1,5,20,True,5,0.9237583148558759,0.9728576305906453
spatstat,none,1,5,40,True,5,0.9585458240946046,0.9383748719699556
spatstat,none,1,5,80,True,5,0.9345306725794531,0.9580061454421305
