type,sharpening,windowSize,neighbourhood,buckets,histnormalise,k-nearest,cv-auc,test-auc
spatstat,none,1,5,5,True,5,0.8433974358974359,0.8628217660475725
spatstat,none,1,5,10,True,5,0.912051282051282,0.9838709677419355
spatstat,none,1,5,20,True,5,0.9437820512820512,0.9848484848484849
spatstat,none,1,5,40,True,5,0.9269871794871796,0.9838709677419355
spatstat,none,1,5,80,True,5,0.9239102564102565,0.9687194525904204
