type,sharpening,windowSize,neighbourhood,buckets,histnormalise,k-nearest,cv-auc,test-auc
spatstat,none,1,5,5,True,5,0.8392442719881744,0.8569477637418914
spatstat,none,1,5,10,True,5,0.9412435328898743,0.9605667463298053
spatstat,none,1,5,20,True,5,0.9296526237989653,0.9506657562307954
spatstat,none,1,5,40,True,5,0.9560458240946046,0.9383748719699556
spatstat,none,1,5,80,True,5,0.9327882483370289,0.9580061454421305
