type,sharpening,windowSize,neighbourhood,buckets,histnormalise,k-nearest,cv-auc,test-auc
spatstat,none,1,5,5,True,5,0.8392442719881744,0.8569477637418914
spatstat,none,1,5,10,True,5,0.9495768662232077,0.9605667463298053
spatstat,none,1,5,20,True,5,0.9163192904656319,0.9580061454421305
spatstat,none,1,5,40,True,5,0.9561067997043606,0.9728576305906453
spatstat,none,1,5,80,True,5,0.9087121212121213,0.9629566404916353
