type,sharpening,windowSize,neighbourhood,buckets,histnormalise,k-nearest,cv-auc,test-auc
spatstat,none,1,5,5,True,5,0.9015409270216963,0.9545454545454546
spatstat,none,1,5,10,True,5,0.9741654339250493,0.9882697947214076
spatstat,none,1,5,20,True,5,0.968194033530572,0.9975562072336266
spatstat,none,1,5,40,True,5,0.964074211045365,0.9804496578690127
spatstat,none,1,5,80,True,5,0.9628464003944772,0.9975562072336266
