type,sharpening,windowSize,neighbourhood,buckets,histnormalise,k-nearest,cv-auc,test-auc
spatstat,none,1,5,5,True,5,0.8458974358974359,0.8628217660475725
spatstat,none,1,5,10,True,5,0.9171153846153846,0.967741935483871
spatstat,none,1,5,20,True,5,0.9514743589743588,0.9848484848484849
spatstat,none,1,5,40,True,5,0.9372435897435898,1.0
spatstat,none,1,5,80,True,5,0.9296794871794871,0.9687194525904204
