type,sharpening,windowSize,neighbourhood,buckets,histnormalise,k-nearest,cv-auc,test-auc
spatstat,none,1,5,5,True,5,0.7368671232448322,0.7584109730848861
spatstat,none,1,5,10,True,5,0.7439737936641961,0.7960662525879917
spatstat,none,1,5,20,True,5,0.7960815586202583,0.8258281573498965
spatstat,none,1,5,40,True,5,0.7967195171529536,0.8496376811594203
spatstat,none,1,5,80,True,5,0.8250711448853864,0.8377329192546584
