type,sharpening,windowSize,neighbourhood,buckets,histnormalise,k-nearest,cv-auc,test-auc
spatstat,none,1,5,5,True,5,0.7346342683803984,0.7644927536231884
spatstat,none,1,5,10,True,5,0.7452950558213716,0.7971014492753623
spatstat,none,1,5,20,True,5,0.8069002720705505,0.8209109730848861
spatstat,none,1,5,40,True,5,0.7800434687431592,0.8436853002070392
spatstat,none,1,5,80,True,5,0.8221643681396003,0.8079710144927535
