type,sharpening,windowSize,neighbourhood,buckets,histnormalise,k-nearest,cv-auc,test-auc
spatstat,none,1,5,5,True,5,0.7457797792163117,0.7498706004140787
spatstat,none,1,5,10,True,5,0.7575304124839729,0.8139233954451346
spatstat,none,1,5,20,True,5,0.7872580292084936,0.8366977225672878
spatstat,none,1,5,40,True,5,0.8057212996841481,0.871376811594203
spatstat,none,1,5,80,True,5,0.8163070331800981,0.8198757763975155
