Model, AUC, precision, recall
randomforest, 0.8793522267206478, 0.8823529411764706, 0.7894736842105263
knearest, 0.9210526315789473, 1.0, 0.8421052631578947